<?xml version="1.0" encoding="UTF-8"?>
<?xml-stylesheet type="text/xsl" href="kagami.xsl"?>
<DOC VERSION="1.0">
	<FRONT>
		<SECRECY>親展</SECRECY>
		<STAMP>否</STAMP>
	</FRONT>
	<BODY ID="DOCBODY">
		<STYLESHEET URI="kagami.xsl"/>
		<DOCNO>202511040857307944</DOCNO>
		<DATE>令和07年11月04日</DATE>
		<TO>
			<AFF><![CDATA[株式会社バリュー・エージェント]]></AFF>
			<NAME><![CDATA[千秋　昌康]]></NAME>
			<HONORIFC>様</HONORIFC>
		</TO>
		<AUTHOR>
			<AFF>日本年金機構</AFF>
			<NAME>日本年金機構理事長</NAME>
		</AUTHOR>
		<TITLE>日本年金機構からのお知らせ</TITLE>
		<MAINTXT>
			<P>
			申請書（到達番号：202511040857307944）について、日本年金機構で受信（受信日時2025年11月4日9時0分）しました。
			</P>
			<P>
			別添申請書の写しを送付いたしますので、申請内容をご確認ください。
			</P>
			<P>
			※本連絡は、処理が完了したことをご連絡するものではございません。
			</P>
			<P>
			※万が一、申請した内容と今回の写しの内容が相違する場合は、管轄の年金事務所へお問い合わせください。
			なお、個人番号に関してはマスキング処理を実施しています。
			</P>
			
		</MAINTXT>

		<MAINTXT3>
			<P>
			電子申請をご利用の皆様へ<BR/>
			お客様が電子申請された内容及びそのデータが確実に日本年金機構に届いていることをご確認いただけるよう、
			当機構が受理した電子申請データの写しをお返しするサービスを令和４年９月２０日から開始しております。
			</P>
		</MAINTXT3>
	</BODY>

</DOC>
