<?xml version="1.0" encoding="UTF-8"?>
<?xml-stylesheet type="text/xsl" href="AS21019030837001.xsl"?>
<DataRoot>
	<様式ID>495013521019030837</様式ID>
	<様式バージョン>1</様式バージョン>
	<STYLESHEET>AS21019030837001.xsl</STYLESHEET>
	<様式コピー情報>0</様式コピー情報>
	<Doctype>1</Doctype>
	<G00005-A-330522-001_1>
		<P1_G00005-A-330522-001_1>
			<P1_標題x健康保険>健康保険</P1_標題x健康保険>
			<P1_標題x厚生年金保険>厚生年金保険</P1_標題x厚生年金保険>
			<P1_提出年月日>
				<P1_年>7</P1_年>
				<P1_月>10</P1_月>
				<P1_日>31</P1_日>
			</P1_提出年月日>
			<P1_事業所整理記号x都道府県コード>31</P1_事業所整理記号x都道府県コード>
			<P1_事業所整理記号x郡市区記号>３１</P1_事業所整理記号x郡市区記号>
			<P1_事業所整理記号x事業所記号>ハヘア</P1_事業所整理記号x事業所記号>
			<P1_事業所番号>02881</P1_事業所番号>
			<P1_事業所所在地x郵便番号x親番号>232</P1_事業所所在地x郵便番号x親番号>
			<P1_事業所所在地x郵便番号x子番号>0016</P1_事業所所在地x郵便番号x子番号>
			<P1_事業所所在地>神奈川県横浜市南区宮元町1-21-15</P1_事業所所在地>
			<P1_事業所名称>株式会社バリュー・エージェント</P1_事業所名称>
			<P1_事業主氏名>千秋　昌康</P1_事業主氏名>
			<P1_電話番号>
				<P1_市外局番>045</P1_市外局番>
				<P1_局番>716</P1_局番>
				<P1_番号>0002</P1_番号>
			</P1_電話番号>
			<P1_社会保険労務士の提出代行者名>関根　光</P1_社会保険労務士の提出代行者名>
			<P1_氏名xカナ氏名>タナアミ　アイコ</P1_氏名xカナ氏名>
			<P1_氏名x漢字氏名>田名網　亜衣子</P1_氏名x漢字氏名>
			<P1_生年月日>
				<P1_元号>5</P1_元号>
				<P1_年>42</P1_年>
				<P1_月>10</P1_月>
				<P1_日>21</P1_日>
			</P1_生年月日>
			<P1_種別>2</P1_種別>
			<P1_取得区分>1</P1_取得区分>
			<P1_個人番号または基礎年金番号>************</P1_個人番号または基礎年金番号>
			<P1_取得x該当年月日>
				<P1_元号>9</P1_元号>
				<P1_年>7</P1_年>
				<P1_月>11</P1_月>
				<P1_日>1</P1_日>
			</P1_取得x該当年月日>
			<P1_被扶養者区分>無</P1_被扶養者区分>
			<P1_報酬月額x通貨>515000</P1_報酬月額x通貨>
			<P1_報酬月額x現物>0</P1_報酬月額x現物>
			<P1_報酬月額x合計額>515000</P1_報酬月額x合計額>
			<P1_備考x該当x70歳以上被用者該当/>
			<P1_備考x該当x二以上事業所勤務者の取得/>
			<P1_備考x該当x短時間労働者の取得/>
			<P1_備考x該当x退職後の継続再雇用者の取得/>
			<P1_備考x該当xその他/>
			<P1_備考xその他/>
			<P1_被保険者x被用者住所x郵便番号x親番号/>
			<P1_被保険者x被用者住所x郵便番号x子番号/>
			<P1_被保険者x被用者住所/>
			<P1_理由/>
			<P1_理由xその他/>
			<P1_資格確認書発行要否>1</P1_資格確認書発行要否>
			<P1_Xmit>0</P1_Xmit>
		</P1_G00005-A-330522-001_1>
		<P2_G00005-A-330522-001_2>
			<P2_通知書希望形式/>
			<P2_添付書類>
				<P2_区分>0</P2_区分>
				<P2_名称/>
			</P2_添付書類>
			<P2_標準報酬月額x健x船x/>
			<P2_標準報酬月額x年/>
			<P2_決定後月額WM/>
			<P2_届書処理区分>1</P2_届書処理区分>
			<P2_Xmit>0</P2_Xmit>
		</P2_G00005-A-330522-001_2>
	</G00005-A-330522-001_1>
</DataRoot>
